oligo_name,mseq
brca1_357654.9_ENST00000357654.9.ENSG00000012048.23_120_T>G_snv,GGGAAAATGGATGTATCTGCTCTTCGCGTTGAAGAAGTACAAAAAAGGG
brca1_357654.9_ENST00000357654.9.ENSG00000012048.23_120_T>C_snv,GGGAAAATGGATCTATCTGCTCTTCGCGTTGAAGAAGTACAAAAAAGGG
brca1_357654.9_ENST00000357654.9.ENSG00000012048.23_120_T>A_snv,GGGAAAATGGATATATCTGCTCTTCGCGTTGAAGAAGTACAAAAAAGGG
brca1_357654.9_ENST00000357654.9.ENSG00000012048.23_121_T>G_snv,GGGAAAATGGATTGATCTGCTCTTCGCGTTGAAGAAGTACAAAAAAGGG
brca1_357654.9_ENST00000357654.9.ENSG00000012048.23_121_T>C_snv,GGGAAAATGGATTCATCTGCTCTTCGCGTTGAAGAAGTACAAAAAAGGG
brca1_357654.9_ENST00000357654.9.ENSG00000012048.23_121_T>A_snv,GGGAAAATGGATTAATCTGCTCTTCGCGTTGAAGAAGTACAAAAAAGGG
brca1_357654.9_ENST00000357654.9.ENSG00000012048.23_122_A>T_snv,GGGAAAATGGATTTTTCTGCTCTTCGCGTTGAAGAAGTACAAAAAAGGG
brca1_357654.9_ENST00000357654.9.ENSG00000012048.23_122_A>G_snv,GGGAAAATGGATTTGTCTGCTCTTCGCGTTGAAGAAGTACAAAAAAGGG
brca1_357654.9_ENST00000357654.9.ENSG00000012048.23_122_A>C_snv,GGGAAAATGGATTTCTCTGCTCTTCGCGTTGAAGAAGTACAAAAAAGGG
brca1_357654.9_ENST00000357654.9.ENSG00000012048.23_123_T>G_snv,GGGAAAATGGATTTAGCTGCTCTTCGCGTTGAAGAAGTACAAAAAAGGG
brca1_357654.9_ENST00000357654.9.ENSG00000012048.23_123_T>C_snv,GGGAAAATGGATTTACCTGCTCTTCGCGTTGAAGAAGTACAAAAAAGGG
brca1_357654.9_ENST00000357654.9.ENSG00000012048.23_123_T>A_snv,GGGAAAATGGATTTAACTGCTCTTCGCGTTGAAGAAGTACAAAAAAGGG
brca1_357654.9_ENST00000357654.9.ENSG00000012048.23_124_C>T_snv,GGGAAAATGGATTTATTTGCTCTTCGCGTTGAAGAAGTACAAAAAAGGG
brca1_357654.9_ENST00000357654.9.ENSG00000012048.23_124_C>G_snv,GGGAAAATGGATTTATGTGCTCTTCGCGTTGAAGAAGTACAAAAAAGGG
brca1_357654.9_ENST00000357654.9.ENSG00000012048.23_124_C>A_snv,GGGAAAATGGATTTATATGCTCTTCGCGTTGAAGAAGTACAAAAAAGGG
brca1_357654.9_ENST00000357654.9.ENSG00000012048.23_125_T>G_snv,GGGAAAATGGATTTATCGGCTCTTCGCGTTGAAGAAGTACAAAAAAGGG
brca1_357654.9_ENST00000357654.9.ENSG00000012048.23_125_T>C_snv,GGGAAAATGGATTTATCCGCTCTTCGCGTTGAAGAAGTACAAAAAAGGG
brca1_357654.9_ENST00000357654.9.ENSG00000012048.23_125_T>A_snv,GGGAAAATGGATTTATCAGCTCTTCGCGTTGAAGAAGTACAAAAAAGGG
brca1_357654.9_ENST00000357654.9.ENSG00000012048.23_126_G>T_snv,GGGAAAATGGATTTATCTTCTCTTCGCGTTGAAGAAGTACAAAAAAGGG
brca1_357654.9_ENST00000357654.9.ENSG00000012048.23_126_G>C_snv,GGGAAAATGGATTTATCTCCTCTTCGCGTTGAAGAAGTACAAAAAAGGG
brca1_357654.9_ENST00000357654.9.ENSG00000012048.23_126_G>A_snv,GGGAAAATGGATTTATCTACTCTTCGCGTTGAAGAAGTACAAAAAAGGG
brca1_357654.9_ENST00000357654.9.ENSG00000012048.23_127_C>T_snv,GGGAAAATGGATTTATCTGTTCTTCGCGTTGAAGAAGTACAAAAAAGGG
brca1_357654.9_ENST00000357654.9.ENSG00000012048.23_127_C>G_snv,GGGAAAATGGATTTATCTGGTCTTCGCGTTGAAGAAGTACAAAAAAGGG
brca1_357654.9_ENST00000357654.9.ENSG00000012048.23_127_C>A_snv,GGGAAAATGGATTTATCTGATCTTCGCGTTGAAGAAGTACAAAAAAGGG
brca1_357654.9_ENST00000357654.9.ENSG00000012048.23_128_T>G_snv,GGGAAAATGGATTTATCTGCGCTTCGCGTTGAAGAAGTACAAAAAAGGG
brca1_357654.9_ENST00000357654.9.ENSG00000012048.23_128_T>C_snv,GGGAAAATGGATTTATCTGCCCTTCGCGTTGAAGAAGTACAAAAAAGGG
brca1_357654.9_ENST00000357654.9.ENSG00000012048.23_128_T>A_snv,GGGAAAATGGATTTATCTGCACTTCGCGTTGAAGAAGTACAAAAAAGGG
brca1_357654.9_ENST00000357654.9.ENSG00000012048.23_129_C>T_snv,GGGAAAATGGATTTATCTGCTTTTCGCGTTGAAGAAGTACAAAAAAGGG
brca1_357654.9_ENST00000357654.9.ENSG00000012048.23_129_C>G_snv,GGGAAAATGGATTTATCTGCTGTTCGCGTTGAAGAAGTACAAAAAAGGG
brca1_357654.9_ENST00000357654.9.ENSG00000012048.23_129_C>A_snv,GGGAAAATGGATTTATCTGCTATTCGCGTTGAAGAAGTACAAAAAAGGG
brca1_357654.9_ENST00000357654.9.ENSG00000012048.23_130_T>G_snv,GGGAAAATGGATTTATCTGCTCGTCGCGTTGAAGAAGTACAAAAAAGGG
brca1_357654.9_ENST00000357654.9.ENSG00000012048.23_130_T>C_snv,GGGAAAATGGATTTATCTGCTCCTCGCGTTGAAGAAGTACAAAAAAGGG
brca1_357654.9_ENST00000357654.9.ENSG00000012048.23_130_T>A_snv,GGGAAAATGGATTTATCTGCTCATCGCGTTGAAGAAGTACAAAAAAGGG
brca1_357654.9_ENST00000357654.9.ENSG00000012048.23_120_121_2del0,GGGAAAATGGATATCTGCTCTTCGCGTTGAAGAAGTACAAAAAAGGG
brca1_357654.9_ENST00000357654.9.ENSG00000012048.23_122_123_2del0,GGGAAAATGGATTTCTGCTCTTCGCGTTGAAGAAGTACAAAAAAGGG
brca1_357654.9_ENST00000357654.9.ENSG00000012048.23_124_125_2del0,GGGAAAATGGATTTATGCTCTTCGCGTTGAAGAAGTACAAAAAAGGG
brca1_357654.9_ENST00000357654.9.ENSG00000012048.23_126_127_2del0,GGGAAAATGGATTTATCTTCTTCGCGTTGAAGAAGTACAAAAAAGGG
brca1_357654.9_ENST00000357654.9.ENSG00000012048.23_128_129_2del0,GGGAAAATGGATTTATCTGCTTCGCGTTGAAGAAGTACAAAAAAGGG
brca1_357654.9_ENST00000357654.9.ENSG00000012048.23_120_122_inframe,GGGAAAATGGATTCTGCTCTTCGCGTTGAAGAAGTACAAAAAAGGG
brca1_357654.9_ENST00000357654.9.ENSG00000012048.23_123_125_inframe,GGGAAAATGGATTTAGCTCTTCGCGTTGAAGAAGTACAAAAAAGGG
brca1_357654.9_ENST00000357654.9.ENSG00000012048.23_126_128_inframe,GGGAAAATGGATTTATCTCTTCGCGTTGAAGAAGTACAAAAAAGGG
brca1_357654.9_ENST00000357654.9.ENSG00000012048.23_125_126_2del1,GGGAAAATGGATTTATCCTCTTCGCGTTGAAGAAGTACAAAAAAGGG
brca1_357654.9_ENST00000357654.9.ENSG00000012048.23_120_1del,GGGAAAATGGATTATCTGCTCTTCGCGTTGAAGAAGTACAAAAAAGGG
brca1_357654.9_ENST00000357654.9.ENSG00000012048.23_122_1del,GGGAAAATGGATTTTCTGCTCTTCGCGTTGAAGAAGTACAAAAAAGGG
brca1_357654.9_ENST00000357654.9.ENSG00000012048.23_123_1del,GGGAAAATGGATTTACTGCTCTTCGCGTTGAAGAAGTACAAAAAAGGG
brca1_357654.9_ENST00000357654.9.ENSG00000012048.23_124_1del,GGGAAAATGGATTTATTGCTCTTCGCGTTGAAGAAGTACAAAAAAGGG
brca1_357654.9_ENST00000357654.9.ENSG00000012048.23_125_1del,GGGAAAATGGATTTATCGCTCTTCGCGTTGAAGAAGTACAAAAAAGGG
brca1_357654.9_ENST00000357654.9.ENSG00000012048.23_126_1del,GGGAAAATGGATTTATCTCTCTTCGCGTTGAAGAAGTACAAAAAAGGG
brca1_357654.9_ENST00000357654.9.ENSG00000012048.23_127_1del,GGGAAAATGGATTTATCTGTCTTCGCGTTGAAGAAGTACAAAAAAGGG
brca1_357654.9_ENST00000357654.9.ENSG00000012048.23_128_1del,GGGAAAATGGATTTATCTGCCTTCGCGTTGAAGAAGTACAAAAAAGGG
brca1_357654.9_ENST00000357654.9.ENSG00000012048.23_129_1del,GGGAAAATGGATTTATCTGCTTTCGCGTTGAAGAAGTACAAAAAAGGG
brca1_357654.9_ENST00000357654.9.ENSG00000012048.23_130_1del,GGGAAAATGGATTTATCTGCTCTCGCGTTGAAGAAGTACAAAAAAGGG
brca1_357654.9_ENST00000357654.9.ENSG00000012048.23_120_122_TTA>GCC_ala,GGGAAAATGGATGCCTCTGCTCTTCGCGTTGAAGAAGTACAAAAAAGGG
brca1_357654.9_ENST00000357654.9.ENSG00000012048.23_123_125_TCT>GCC_ala,GGGAAAATGGATTTAGCCGCTCTTCGCGTTGAAGAAGTACAAAAAAGGG
brca1_357654.9_ENST00000357654.9.ENSG00000012048.23_123_125_TCT>TGA_stop,GGGAAAATGGATTTATGAGCTCTTCGCGTTGAAGAAGTACAAAAAAGGG
brca1_357654.9_ENST00000357654.9.ENSG00000012048.23_126_128_GCT>TGA_stop,GGGAAAATGGATTTATCTTGACTTCGCGTTGAAGAAGTACAAAAAAGGG
brca1_357654.9_ENST00000357654.9.ENSG00000012048.23_126_128_GCT>ATC_aa,GGGAAAATGGATTTATCTATCCTTCGCGTTGAAGAAGTACAAAAAAGGG
brca1_357654.9_ENST00000357654.9.ENSG00000012048.23_126_128_GCT>ATG_aa,GGGAAAATGGATTTATCTATGCTTCGCGTTGAAGAAGTACAAAAAAGGG
brca1_357654.9_ENST00000357654.9.ENSG00000012048.23_126_128_GCT>ACC_aa,GGGAAAATGGATTTATCTACCCTTCGCGTTGAAGAAGTACAAAAAAGGG
brca1_357654.9_ENST00000357654.9.ENSG00000012048.23_126_128_GCT>AAC_aa,GGGAAAATGGATTTATCTAACCTTCGCGTTGAAGAAGTACAAAAAAGGG
brca1_357654.9_ENST00000357654.9.ENSG00000012048.23_126_128_GCT>AAG_aa,GGGAAAATGGATTTATCTAAGCTTCGCGTTGAAGAAGTACAAAAAAGGG
brca1_357654.9_ENST00000357654.9.ENSG00000012048.23_126_128_GCT>AGC_aa,GGGAAAATGGATTTATCTAGCCTTCGCGTTGAAGAAGTACAAAAAAGGG
brca1_357654.9_ENST00000357654.9.ENSG00000012048.23_126_128_GCT>CGG_aa,GGGAAAATGGATTTATCTCGGCTTCGCGTTGAAGAAGTACAAAAAAGGG
brca1_357654.9_ENST00000357654.9.ENSG00000012048.23_126_128_GCT>CTG_aa,GGGAAAATGGATTTATCTCTGCTTCGCGTTGAAGAAGTACAAAAAAGGG
brca1_357654.9_ENST00000357654.9.ENSG00000012048.23_126_128_GCT>CCC_aa,GGGAAAATGGATTTATCTCCCCTTCGCGTTGAAGAAGTACAAAAAAGGG
brca1_357654.9_ENST00000357654.9.ENSG00000012048.23_126_128_GCT>CAC_aa,GGGAAAATGGATTTATCTCACCTTCGCGTTGAAGAAGTACAAAAAAGGG
brca1_357654.9_ENST00000357654.9.ENSG00000012048.23_126_128_GCT>CAG_aa,GGGAAAATGGATTTATCTCAGCTTCGCGTTGAAGAAGTACAAAAAAGGG
brca1_357654.9_ENST00000357654.9.ENSG00000012048.23_126_128_GCT>GTG_aa,GGGAAAATGGATTTATCTGTGCTTCGCGTTGAAGAAGTACAAAAAAGGG
brca1_357654.9_ENST00000357654.9.ENSG00000012048.23_126_128_GCT>GAC_aa,GGGAAAATGGATTTATCTGACCTTCGCGTTGAAGAAGTACAAAAAAGGG
brca1_357654.9_ENST00000357654.9.ENSG00000012048.23_126_128_GCT>GAG_aa,GGGAAAATGGATTTATCTGAGCTTCGCGTTGAAGAAGTACAAAAAAGGG
brca1_357654.9_ENST00000357654.9.ENSG00000012048.23_126_128_GCT>GGC_aa,GGGAAAATGGATTTATCTGGCCTTCGCGTTGAAGAAGTACAAAAAAGGG
brca1_357654.9_ENST00000357654.9.ENSG00000012048.23_126_128_GCT>TTC_aa,GGGAAAATGGATTTATCTTTCCTTCGCGTTGAAGAAGTACAAAAAAGGG
brca1_357654.9_ENST00000357654.9.ENSG00000012048.23_126_128_GCT>TAC_aa,GGGAAAATGGATTTATCTTACCTTCGCGTTGAAGAAGTACAAAAAAGGG
brca1_357654.9_ENST00000357654.9.ENSG00000012048.23_126_128_GCT>TGC_aa,GGGAAAATGGATTTATCTTGCCTTCGCGTTGAAGAAGTACAAAAAAGGG
brca1_357654.9_ENST00000357654.9.ENSG00000012048.23_126_128_GCT>TGG_aa,GGGAAAATGGATTTATCTTGGCTTCGCGTTGAAGAAGTACAAAAAAGGG
brca1_357654.9_ENST00000357654.9.ENSG00000012048.23_123_125_TCT>ATC_aa,GGGAAAATGGATTTAATCGCTCTTCGCGTTGAAGAAGTACAAAAAAGGG
brca1_357654.9_ENST00000357654.9.ENSG00000012048.23_123_125_TCT>ATG_aa,GGGAAAATGGATTTAATGGCTCTTCGCGTTGAAGAAGTACAAAAAAGGG
brca1_357654.9_ENST00000357654.9.ENSG00000012048.23_123_125_TCT>ACC_aa,GGGAAAATGGATTTAACCGCTCTTCGCGTTGAAGAAGTACAAAAAAGGG
brca1_357654.9_ENST00000357654.9.ENSG00000012048.23_123_125_TCT>AAC_aa,GGGAAAATGGATTTAAACGCTCTTCGCGTTGAAGAAGTACAAAAAAGGG
brca1_357654.9_ENST00000357654.9.ENSG00000012048.23_123_125_TCT>AAG_aa,GGGAAAATGGATTTAAAGGCTCTTCGCGTTGAAGAAGTACAAAAAAGGG
brca1_357654.9_ENST00000357654.9.ENSG00000012048.23_123_125_TCT>CGG_aa,GGGAAAATGGATTTACGGGCTCTTCGCGTTGAAGAAGTACAAAAAAGGG
brca1_357654.9_ENST00000357654.9.ENSG00000012048.23_123_125_TCT>CTG_aa,GGGAAAATGGATTTACTGGCTCTTCGCGTTGAAGAAGTACAAAAAAGGG
brca1_357654.9_ENST00000357654.9.ENSG00000012048.23_123_125_TCT>CCC_aa,GGGAAAATGGATTTACCCGCTCTTCGCGTTGAAGAAGTACAAAAAAGGG
brca1_357654.9_ENST00000357654.9.ENSG00000012048.23_123_125_TCT>CAC_aa,GGGAAAATGGATTTACACGCTCTTCGCGTTGAAGAAGTACAAAAAAGGG
brca1_357654.9_ENST00000357654.9.ENSG00000012048.23_123_125_TCT>CAG_aa,GGGAAAATGGATTTACAGGCTCTTCGCGTTGAAGAAGTACAAAAAAGGG
brca1_357654.9_ENST00000357654.9.ENSG00000012048.23_123_125_TCT>GTG_aa,GGGAAAATGGATTTAGTGGCTCTTCGCGTTGAAGAAGTACAAAAAAGGG
brca1_357654.9_ENST00000357654.9.ENSG00000012048.23_123_125_TCT>GAC_aa,GGGAAAATGGATTTAGACGCTCTTCGCGTTGAAGAAGTACAAAAAAGGG
brca1_357654.9_ENST00000357654.9.ENSG00000012048.23_123_125_TCT>GAG_aa,GGGAAAATGGATTTAGAGGCTCTTCGCGTTGAAGAAGTACAAAAAAGGG
brca1_357654.9_ENST00000357654.9.ENSG00000012048.23_123_125_TCT>GGC_aa,GGGAAAATGGATTTAGGCGCTCTTCGCGTTGAAGAAGTACAAAAAAGGG
brca1_357654.9_ENST00000357654.9.ENSG00000012048.23_123_125_TCT>TTC_aa,GGGAAAATGGATTTATTCGCTCTTCGCGTTGAAGAAGTACAAAAAAGGG
brca1_357654.9_ENST00000357654.9.ENSG00000012048.23_123_125_TCT>TAC_aa,GGGAAAATGGATTTATACGCTCTTCGCGTTGAAGAAGTACAAAAAAGGG
brca1_357654.9_ENST00000357654.9.ENSG00000012048.23_123_125_TCT>TGC_aa,GGGAAAATGGATTTATGCGCTCTTCGCGTTGAAGAAGTACAAAAAAGGG
brca1_357654.9_ENST00000357654.9.ENSG00000012048.23_123_125_TCT>TGG_aa,GGGAAAATGGATTTATGGGCTCTTCGCGTTGAAGAAGTACAAAAAAGGG
brca1_357654.9_ENST00000357654.9.ENSG00000012048.23_120_122_TTA>ATC_aa,GGGAAAATGGATATCTCTGCTCTTCGCGTTGAAGAAGTACAAAAAAGGG
brca1_357654.9_ENST00000357654.9.ENSG00000012048.23_120_122_TTA>ATG_aa,GGGAAAATGGATATGTCTGCTCTTCGCGTTGAAGAAGTACAAAAAAGGG
brca1_357654.9_ENST00000357654.9.ENSG00000012048.23_120_122_TTA>ACC_aa,GGGAAAATGGATACCTCTGCTCTTCGCGTTGAAGAAGTACAAAAAAGGG
brca1_357654.9_ENST00000357654.9.ENSG00000012048.23_120_122_TTA>AAC_aa,GGGAAAATGGATAACTCTGCTCTTCGCGTTGAAGAAGTACAAAAAAGGG
brca1_357654.9_ENST00000357654.9.ENSG00000012048.23_120_122_TTA>AAG_aa,GGGAAAATGGATAAGTCTGCTCTTCGCGTTGAAGAAGTACAAAAAAGGG
brca1_357654.9_ENST00000357654.9.ENSG00000012048.23_120_122_TTA>AGC_aa,GGGAAAATGGATAGCTCTGCTCTTCGCGTTGAAGAAGTACAAAAAAGGG
brca1_357654.9_ENST00000357654.9.ENSG00000012048.23_120_122_TTA>CGG_aa,GGGAAAATGGATCGGTCTGCTCTTCGCGTTGAAGAAGTACAAAAAAGGG
brca1_357654.9_ENST00000357654.9.ENSG00000012048.23_120_122_TTA>CCC_aa,GGGAAAATGGATCCCTCTGCTCTTCGCGTTGAAGAAGTACAAAAAAGGG
brca1_357654.9_ENST00000357654.9.ENSG00000012048.23_120_122_TTA>CAC_aa,GGGAAAATGGATCACTCTGCTCTTCGCGTTGAAGAAGTACAAAAAAGGG
brca1_357654.9_ENST00000357654.9.ENSG00000012048.23_120_122_TTA>CAG_aa,GGGAAAATGGATCAGTCTGCTCTTCGCGTTGAAGAAGTACAAAAAAGGG
brca1_357654.9_ENST00000357654.9.ENSG00000012048.23_120_122_TTA>GTG_aa,GGGAAAATGGATGTGTCTGCTCTTCGCGTTGAAGAAGTACAAAAAAGGG
brca1_357654.9_ENST00000357654.9.ENSG00000012048.23_120_122_TTA>GAC_aa,GGGAAAATGGATGACTCTGCTCTTCGCGTTGAAGAAGTACAAAAAAGGG
brca1_357654.9_ENST00000357654.9.ENSG00000012048.23_120_122_TTA>GAG_aa,GGGAAAATGGATGAGTCTGCTCTTCGCGTTGAAGAAGTACAAAAAAGGG
brca1_357654.9_ENST00000357654.9.ENSG00000012048.23_120_122_TTA>GGC_aa,GGGAAAATGGATGGCTCTGCTCTTCGCGTTGAAGAAGTACAAAAAAGGG
brca1_357654.9_ENST00000357654.9.ENSG00000012048.23_120_122_TTA>TAC_aa,GGGAAAATGGATTACTCTGCTCTTCGCGTTGAAGAAGTACAAAAAAGGG
brca1_357654.9_ENST00000357654.9.ENSG00000012048.23_120_122_TTA>TGC_aa,GGGAAAATGGATTGCTCTGCTCTTCGCGTTGAAGAAGTACAAAAAAGGG
brca1_357654.9_ENST00000357654.9.ENSG00000012048.23_120_122_TTA>TGG_aa,GGGAAAATGGATTGGTCTGCTCTTCGCGTTGAAGAAGTACAAAAAAGGG
brca1_357654.9_ENST00000357654.9.ENSG00000012048.23_120_122_TTA>CTG_snvre,GGGAAAATGGATCTGTCTGCTCTTCGCGTTGAAGAAGTACAAAAAAGGG
brca1_357654.9_ENST00000357654.9.ENSG00000012048.23_120_122_TTA>CTC_snvre,GGGAAAATGGATCTCTCTGCTCTTCGCGTTGAAGAAGTACAAAAAAGGG
brca1_357654.9_ENST00000357654.9.ENSG00000012048.23_120_122_TTA>CTT_snvre,GGGAAAATGGATCTTTCTGCTCTTCGCGTTGAAGAAGTACAAAAAAGGG
brca1_357654.9_ENST00000357654.9.ENSG00000012048.23_123_125_TCT>AGC_snvre,GGGAAAATGGATTTAAGCGCTCTTCGCGTTGAAGAAGTACAAAAAAGGG
brca1_357654.9_ENST00000357654.9.ENSG00000012048.23_123_125_TCT>AGT_snvre,GGGAAAATGGATTTAAGTGCTCTTCGCGTTGAAGAAGTACAAAAAAGGG
